{
  "num_steps": 200000,
  "spinup_steps": 10000,
  "var_per_var": [
    1.0496091842651367,
    1.0521705150604248,
    1.0524020195007324,
    1.052564263343811,
    1.0496010780334473,
    1.0521780252456665,
    1.0524072647094727,
    1.0525567531585693,
    1.350827693939209,
    1.3513678312301636,
    1.349977970123291,
    1.350134253501892,
    1.363553762435913,
    1.363106608390808,
    1.3632129430770874,
    1.3623093366622925,
    1.3678150177001953,
    1.3681092262268066,
    1.3672608137130737,
    1.368033766746521,
    1.3570135831832886,
    1.3570899963378906,
    1.356494426727295,
    1.3582680225372314,
    1.349936604499817,
    1.35056471824646,
    1.3511677980422974,
    1.3506276607513428,
    1.3633512258529663,
    1.3622245788574219,
    1.363484263420105,
    1.3631117343902588,
    1.3678423166275024,
    1.3678579330444336,
    1.3675284385681152,
    1.3679753541946411,
    1.3575230836868286,
    1.3568557500839233,
    1.3566017150878906,
    1.3580659627914429
  ],
  "std_per_var": [
    1.02450430393219,
    1.0257536172866821,
    1.0258665084838867,
    1.0259455442428589,
    1.0245003700256348,
    1.0257573127746582,
    1.0258690118789673,
    1.0259418487548828,
    1.1622511148452759,
    1.1624834537506104,
    1.1618854999542236,
    1.1619527339935303,
    1.1677130460739136,
    1.167521595954895,
    1.1675671339035034,
    1.167180061340332,
    1.1695362329483032,
    1.1696619987487793,
    1.1692992448806763,
    1.1696298122406006,
    1.1649092435836792,
    1.1649420261383057,
    1.1646864414215088,
    1.1654475927352905,
    1.1618677377700806,
    1.1621379852294922,
    1.1623973846435547,
    1.1621650457382202,
    1.1676262617111206,
    1.1671438217163086,
    1.1676832437515259,
    1.167523741722107,
    1.1695479154586792,
    1.169554591178894,
    1.169413685798645,
    1.169604778289795,
    1.1651278734207153,
    1.1648415327072144,
    1.1647324562072754,
    1.165360927581787
  ],
  "mean_per_var": [
    2.1200833320617676,
    2.1319355964660645,
    2.1338818073272705,
    2.1233232021331787,
    2.1201069355010986,
    2.1319398880004883,
    2.1338860988616943,
    2.1233069896698,
    1.2235714197158813,
    1.2238097190856934,
    1.2236660718917847,
    1.223557472229004,
    1.2265255451202393,
    1.2275253534317017,
    1.2272522449493408,
    1.2263497114181519,
    1.226244330406189,
    1.2255375385284424,
    1.2257405519485474,
    1.2267109155654907,
    1.22352135181427,
    1.222802758216858,
    1.2228260040283203,
    1.2237358093261719,
    1.2236329317092896,
    1.2235054969787598,
    1.2237157821655273,
    1.2237741947174072,
    1.2273374795913696,
    1.2263458967208862,
    1.2265063524246216,
    1.2274761199951172,
    1.2259165048599243,
    1.225409746170044,
    1.226366639137268,
    1.2265530824661255,
    1.2236133813858032,
    1.2231292724609375,
    1.2225399017333984,
    1.2235064506530762
  ],
  "slow_avg_var": 1.05168616771698,
  "fast_avg_var": 1.3596653938293457,
  "overall_avg_var": 1.2980695962905884
}